"rep","n","pv","sn","beta0_gs","beta1_gs","theta_gs","se_beta0_gs","se_beta1_gs","se_theta_gs","beta0_n","beta1_n","theta_n","se_beta0_n","se_beta1_n","se_theta_n","beta0_cc","beta1_cc","theta_cc","se_beta0_cc","se_beta1_cc","se_theta_cc","beta0_smle","beta1_smle","theta_smle","se_beta0_smle","se_beta1_smle","se_theta_smle"
1,1000,0.15,20,5.01473510133065,1.0275617237535,0.497252223280093,0.0449708515167903,0.0451827995316826,0.0198372754887135,5.0204016455548,0.978782861766208,0.494590465035499,0.0450882931236669,0.0434910822406166,0.0197170677349209,4.89710896291839,0.985404373873858,0.462101885440789,0.123521870958404,0.127410640943858,0.0480233002302331,5.00313862057884,1.11512957196906,0.513804860937536,0.0528793330257512,0.0586309936849025,0.0230219936120953
2,1000,0.15,20,5.05749490060747,0.98552443168754,0.493079815023203,0.0451529075006971,0.0459995597051399,0.0194091915410691,5.07802735830499,0.9148527371516,0.483273347929152,0.0456076125146834,0.0449322232224689,0.018969395775741,5.15113001603943,0.936824322079452,0.433295830015589,0.124281861429347,0.126841266425885,0.0438611247644299,5.02738087527637,0.969318018043628,0.502441816215518,0.0511993833524515,0.0551745892974694,0.0220865276519922
3,1000,0.15,20,4.90275854266639,1.0110634635959,0.498379937748422,0.0449524512068559,0.0437797528572094,0.0197528258832453,4.93427296937758,0.988412212623461,0.489465225486917,0.0453642505027605,0.0430424850426332,0.0193518810667348,4.95774823643952,1.05938887330975,0.570764445764916,0.107272577369614,0.109482738547978,0.0571940815784962,4.8552313392908,1.05164284804256,0.510621292348117,0.0520160867620216,0.0555842066803569,0.0227306745676368
4,1000,0.15,20,4.9877351186803,0.984493163579664,0.497609917350372,0.0450057895436602,0.0451076656911256,0.019692311644068,5.01584877733343,0.906820623457778,0.484546249526017,0.0456192889222375,0.0443441306376922,0.0191066810976733,5.08610905603219,0.984520864735568,0.464486821571207,0.128037856356583,0.12070785010212,0.0506140044940636,4.97817916799348,0.976885500898742,0.505323050746515,0.0522814941261467,0.0571814572361939,0.0223619945552347
5,1000,0.15,20,5.0277411803505,1.06401190507035,0.483431942089107,0.0456371984706754,0.0463898662681776,0.0190801597201745,5.09473286081126,0.972908878267794,0.460473303129108,0.0467451141193446,0.0459078904300294,0.0180476846400961,5.03320989429311,1.06632153890021,0.528864528109407,0.116077118274305,0.113550556351373,0.0562836626946915,5.01060109165188,1.07681841330907,0.484259146494261,0.0554146007803036,0.0654555759956141,0.0218310602109432
6,1000,0.15,20,5.01317338611216,1.05364736540969,0.474551679506798,0.0460479756385087,0.0454151962366874,0.0186747167671206,5.04730629891378,0.983271808572098,0.45964533610324,0.0467653071192328,0.0449982574844868,0.0180102326811434,5.07651617684537,1.11701109074606,0.561862364887407,0.105845150421796,0.101247397700169,0.0543286868882909,4.97928960206773,1.05499986523239,0.478101572958791,0.0533631468236982,0.0569093450710915,0.0210973691447536
7,1000,0.15,20,5.02710437079754,1.04837252946339,0.51325778749893,0.0442678753077955,0.0447950062351089,0.0202248144790962,5.05404170311483,0.994921096639957,0.501382355008715,0.0447818843750575,0.0437134591561983,0.019692992079622,5.06575493470267,1.08455754884297,0.507325765485029,0.114804565067713,0.12206608249823,0.0518986730866676,5.04808813837898,1.10006192454654,0.522252185572071,0.0516999729856902,0.0603586522980669,0.0231068983620602
8,1000,0.15,20,4.92064096479628,0.978468333617441,0.487711637719465,0.0454125702207771,0.0449879411183319,0.0194191340949274,4.95741736925017,0.89949998245955,0.476488002273021,0.045930659108666,0.0435602548459697,0.0189102630088899,4.9737554950641,1.02889688402845,0.490912821894313,0.110223063080663,0.110857033489024,0.0474359636721503,4.88636911345607,0.987813896515866,0.49222451514683,0.0511180840688632,0.0581233015302023,0.0217961433875406
9,1000,0.15,20,4.99965761836878,1.03041007684869,0.491854061401529,0.0452283806979243,0.0455392291385916,0.0193913769899212,5.03738771782446,0.960804840668055,0.477612836942657,0.0458842154238862,0.0446788241750848,0.0187515766576183,5.164139819359,1.17258273815504,0.472965968658032,0.1202237747238,0.1297520105268,0.0486095756473032,5.0072081584133,1.04626164844464,0.496001170325862,0.0523871431333021,0.0595948232018259,0.0222866597625793
10,1000,0.15,20,5.06486300475709,1.08646377811966,0.523229672152823,0.0438692996972197,0.0438847477649282,0.0207200235308932,5.10305808595106,0.994177752802004,0.509373668707134,0.0444600655835173,0.0421552061387786,0.0200953584311449,4.89847932645722,1.19322176761176,0.45274410254457,0.124798095112439,0.13329259855897,0.0462534578085057,5.05792151430802,1.11641699826717,0.528088626694851,0.052439628522132,0.0659390123474532,0.023752645650316
11,1000,0.15,20,4.96154256483912,1.0555974197488,0.541471119345771,0.0431167540065636,0.0443412876770728,0.0215171850161735,5.00015950128902,0.997499968278474,0.519834804852015,0.0439866255848146,0.0443088710211915,0.0205379920278776,4.92178090835643,1.04158570571589,0.585875124691126,0.102441506355342,0.0926684216952976,0.0591765549093268,4.94013014388659,1.03784905230842,0.543029930596037,0.049663865647837,0.0551461853146945,0.0241345708436801
12,1000,0.15,20,4.9763213096047,0.933198766704883,0.509633075382994,0.0444364219920932,0.0448554465955766,0.0201125494131176,4.99476586425873,0.885717905111504,0.499238517243931,0.0448802647143818,0.0438711759183509,0.0196438755138195,4.98593430301137,1.05103694698094,0.548483419851063,0.115289836332265,0.127566808243669,0.0580986556203769,4.95116326769291,0.966054866116351,0.515661903837348,0.0505358174236904,0.0580171337226831,0.022536280078545
13,1000,0.15,20,4.96214769876907,1.0087202871023,0.515392973231709,0.0441783159109414,0.0442493710520081,0.0205017637745566,4.99823378107034,0.928145821265648,0.500554878278767,0.0448145829170786,0.0433978341695498,0.0198249484867587,4.99805033626006,1.14626869295356,0.559898168362016,0.117806695524221,0.111295258788666,0.0609668393101125,4.96956363284423,1.01459411954703,0.524357589757778,0.0533344196370473,0.0587371340551432,0.0235861662713247
14,1000,0.15,20,5.145874371266,1.06259594284373,0.487894116767327,0.0453868181073872,0.0459966332986061,0.0192348469411246,5.17273950882766,1.01663108807514,0.476238551140114,0.0459295044687924,0.0452981908836287,0.0187115040431224,5.13547844786743,1.03186382107155,0.500835569302274,0.111823826627381,0.114819996529029,0.049937970511882,5.13974513031742,1.0913481958304,0.494816376474865,0.0517588407442742,0.0571314842011861,0.0217936623742971
15,1000,0.15,20,4.92749134821655,0.987414325678074,0.492415175174526,0.0452023361245959,0.0449917283832269,0.0195806827480051,4.94022843103229,0.944974090765684,0.485981787792372,0.0455016789519922,0.043845672247246,0.0192876302221567,4.96624544204248,0.927021763187714,0.572196457861251,0.112859855977328,0.118863507871376,0.0607442169991203,4.93560615165123,1.04654473367655,0.502398451756975,0.0528103955921686,0.062488294350592,0.0224756446286019
16,1000,0.15,20,4.95834588603209,1.0012993233097,0.52079390562329,0.0439555578862123,0.043158933644891,0.0207984985859491,4.97547651897399,0.938599095491686,0.508848679728967,0.0444555372707572,0.0422670187258779,0.0202540103500368,4.91946034620003,1.05963130349397,0.548927586434815,0.115952773651881,0.116820454496086,0.0582056358285173,4.98605281200195,1.0563497265084,0.530556227930808,0.0511749445007386,0.0589180291932937,0.0237652459197272
17,1000,0.15,20,5.04161594920703,0.969509546633265,0.494438670840913,0.0450843232924791,0.0488708473705101,0.0195322532282375,5.05622467261148,0.916282347543255,0.488270854450747,0.0453649491385056,0.0469677562141587,0.0192548806056961,5.21735632357329,0.992064302099786,0.518238281563885,0.109030963624367,0.116113523300713,0.0502385688981178,5.02699057574249,0.996948944132141,0.501822738757885,0.0501692135397421,0.058066518890392,0.0219207788513334
18,1000,0.15,20,5.05322049592543,1.08616168595369,0.522295583363054,0.0438865866959335,0.0457489261752107,0.0207317830677629,5.06355063279143,1.02789796121557,0.512565289464622,0.0443076640828785,0.0443162302225217,0.020291504301872,5.10416378966156,1.26537624271585,0.677922112730627,0.097926933358876,0.0932708800909082,0.0696125718546139,5.00666701833453,1.14505584806127,0.543244619612494,0.0523073307243223,0.0596238390758167,0.0246175537121111
19,1000,0.15,20,5.08914255136438,1.01044568301325,0.484198735858237,0.045649335339445,0.0464502488146643,0.0190106874879167,5.12645343377696,0.961639980436798,0.471257520398329,0.0462654068139722,0.0457239147818958,0.0184315781646518,5.24184261160915,0.921525834130596,0.528222208838487,0.112978025350816,0.105828930234935,0.0539650305191179,5.08817360977117,1.00790052389207,0.486584418097769,0.0524182834040279,0.0542048681233452,0.0213631156156117
20,1000,0.15,20,5.00571189258113,0.91377916853285,0.529336318295423,0.0435795101909642,0.0437382898493656,0.0209633352176336,5.05420650145638,0.863997960230128,0.515649434395512,0.0441496012286919,0.0433139441123127,0.0203429657140174,4.99746730707862,1.02530737906272,0.512165073452592,0.111140309563817,0.10677496333624,0.0502375519816384,4.96680501427526,0.951675043931665,0.535977456209339,0.0503053007926456,0.054798744223791,0.023634736454464
21,1000,0.15,20,4.96937938944102,0.959312311080983,0.471938855796121,0.0461817415900176,0.0463357811066155,0.0186642224621108,5.00425535564304,0.911690579475031,0.459769952818775,0.046783250495947,0.0452445122714415,0.018109104291968,4.96975846519459,0.886481280610515,0.512383280137532,0.121611231778812,0.131256663747135,0.0550555533477131,4.95117364926205,1.01235742326834,0.477168760789824,NA,NA,NA
22,1000,0.15,20,5.02362621582939,0.991263658883342,0.509512193992494,0.0444532207654473,0.0440917831084313,0.0200541183223211,5.04333317234526,0.911375886916681,0.49882680963377,0.0449342057563593,0.0431326966616733,0.0195779960380342,4.8180441442179,0.736572496742522,0.556515227147877,0.118379290842389,0.117877676354714,0.0615174447091388,4.97475939316483,0.989691695782653,0.521823700183889,0.0537293210863817,0.0559707845049733,0.0231431809084797
23,1000,0.15,20,5.09822122341371,1.05520937657533,0.490254431200531,0.0452782958555299,0.0469402664408658,0.0192662295431625,5.13695870084359,0.981664588241918,0.477689536164751,0.0458594839746903,0.0456791610913938,0.0187054972795709,5.11901626451715,1.13129552946233,0.532456922300718,0.120489940319815,0.133244955798022,0.0568697137783073,5.0761746290233,1.11617211193785,0.50092998683064,0.0544142574737646,0.0603941204920908,0.0222962194569184
24,1000,0.15,20,4.98609381255641,0.960171326481829,0.491902784072381,0.0452089748717463,0.0442954177799362,0.0194359877471367,5.02309331494809,0.891863380030545,0.48332468232478,0.0456053660733284,0.043376507366851,0.0190510688378167,4.97122786668189,0.809373727452685,0.57033171917864,0.110000191552209,0.0990689979636267,0.0600962514154623,4.96186889598132,0.95136349649353,0.501163404400226,0.0517332496600694,0.0557070135935178,0.0220963488781356
25,1000,0.15,20,5.01698513249807,0.945296816405795,0.480930576668381,0.0457293126494674,0.0461060359740874,0.0189053306248191,5.04218098904183,0.886160105618262,0.478060329287731,0.0458454016336815,0.0445724135262794,0.018777182948404,4.92377550037384,0.95804508878971,0.536436592694132,0.119236830612937,0.110239032088187,0.0570869616985116,4.94781072814301,0.987175045793495,0.496908597587374,0.0525184579707679,0.0609121069408041,0.021879361178581
26,1000,0.15,20,4.9875254757519,1.06429271285715,0.511766298261411,0.0444026136613259,0.0441556956477136,0.0202527063561246,5.00161046106419,1.02020466763061,0.504454594654058,0.0447290574523547,0.043047466096498,0.0199226137701919,4.8006841649482,1.10761758673122,0.567012259130839,0.107833821886628,0.111759271568029,0.0592061235082284,4.96886663659913,1.1302790005976,0.525874736235594,0.0527517610857407,0.0584159603580095,0.0235181725235718
27,1000,0.15,20,5.0538444957648,0.991179658538362,0.529947007634209,0.0435649144768476,0.0441992020947008,0.0211205668571829,5.06587156129491,0.946307146850516,0.52426987220378,0.0437953340726384,0.0429723748581946,0.0208618252897725,5.05603919628557,0.973668787578666,0.521793581056769,0.119064209110939,0.115484056780395,0.0564148318600829,5.04419808828288,1.03971743637527,0.544207468785517,0.0514462545497196,0.0688118566058349,0.0246392820104496
28,1000,0.15,20,4.97708729395254,0.991380230991339,0.493057300871267,0.0451640618663496,0.0444171286654183,0.0195132088375209,5.00200572444847,0.92738739005438,0.484206891374233,0.0455637147087463,0.043404207638432,0.0191122242461218,4.72125998482084,0.88005231282297,0.44584430232036,0.125395262329556,0.11922533820865,0.046979379971624,4.93079280466622,1.00981644121718,0.498293061406972,0.0532126340300967,0.0532569008282809,0.0221619869495259
29,1000,0.15,20,4.95518578540412,1.06396201029626,0.515374092682597,0.0442055777905992,0.0440024259191485,0.0206754461430048,5.00371302286831,1.01571712647314,0.496119336520004,0.0450382870202718,0.0437484269138062,0.0197914189462115,4.90914887342343,1.16551085792415,0.600947269343386,0.109630427387933,0.116211601711911,0.0643097818126451,4.95870850430029,1.13904042727989,0.515037610813581,0.0531529985630338,0.0587021068855467,0.0232741193324988
30,1000,0.15,20,4.96713451160521,0.9803258642859,0.503314459844693,0.0447322331244731,0.0456798879261181,0.0199203454103191,4.98524080276554,0.945320099299865,0.499740206221916,0.0448738720322864,0.0448397511109963,0.0197608883003723,5.02399533079702,0.887303432497035,0.483973313203315,0.110674416272529,0.116090148924926,0.0455780709280571,4.96847980351684,0.979197536613455,0.509296725256633,0.0497466377982318,0.0566695441638022,0.0222104854838375
31,1000,0.15,20,4.98041486182634,0.986769253562218,0.497149419552983,0.0450446177088088,0.0438288697784257,0.0198792049667654,5.01089861709737,0.907255682500017,0.486063862931953,0.0455559140338277,0.0426941283923616,0.0193753467232555,5.080637389035,0.906412382240845,0.481373744146946,0.118372588223105,0.108328285779451,0.0502747925140168,4.98043221525379,0.941245897167708,0.500965295643599,0.0517061391636532,0.0530850624967766,0.0223073818381231
32,1000,0.15,20,5.02823352834775,0.957516989255367,0.474142811708935,0.0462836127014902,0.0458944283810204,0.0189340045255858,5.03900190281801,0.895432750444268,0.467128613200862,0.0465954963316477,0.0447811566312527,0.0186153594896865,5.16524448759795,1.01644283779149,0.520915101829962,0.122792133436188,0.123852907483834,0.0588184581331714,5.00200376711395,0.971768720417993,0.48747189916234,0.0533781847247859,0.0601618087747418,0.0219371736054066
33,1000,0.15,20,4.94127333802344,0.939760933156247,0.496752620463575,0.0449956233104597,0.043611438110628,0.0197535188872525,4.96908840276778,0.882908317024179,0.486177197009008,0.0454712987857389,0.0429829777387581,0.0192738812558252,4.84597964039547,1.01984479600144,0.490070564233329,0.117867984863453,0.106010993377769,0.0513001089382695,4.94005962290113,0.971783055622236,0.503163657568886,0.0515222408986243,0.053115178046021,0.0223349055254812
34,1000,0.15,20,4.96703408931207,1.02072017836797,0.498213452780556,0.0449348905825238,0.0449274910389335,0.0197978705753522,4.98978543363433,0.960310097731109,0.491505596610992,0.0452312296958221,0.0444429035590142,0.0194962306772472,4.97443162455653,1.00058121024626,0.475704163670794,0.119776435932323,0.113974067534033,0.0499093755663946,4.93087078059312,1.0050335429177,0.510155842688968,0.0521864856368051,0.0558287191653174,0.0228687785402452
35,1000,0.15,20,5.03313133104863,0.978974500377201,0.527116496730577,0.0436826481774499,0.0437774810266963,0.0209910841522931,5.09476415703649,0.911374055475918,0.508798712170167,0.0444396205846351,0.0432360272447779,0.0201610922460749,4.99429091515694,0.811233627198783,0.544879747713495,0.126717275605078,0.122679494566381,0.0639555903051008,5.03862279818307,0.990512148970338,0.528200640150314,0.0519777510078682,0.0548654538908623,0.0234144317319074
36,1000,0.15,20,4.98319703475113,0.971552493561891,0.512869037953309,0.0443513470831809,0.0457106869356116,0.0203456347874202,5.0091679210182,0.891936122187196,0.49597999197924,0.0450536299875633,0.0451134081869842,0.0195828622913467,5.05308747321037,1.08179620811306,0.602378437571298,0.103572841070372,0.105671424503134,0.0613363797717183,4.9771500512648,0.965493980678064,0.513249978803574,0.0497999761613052,0.0538516646548751,0.0225187731816684
37,1000,0.15,20,4.96090500090231,0.878359061032475,0.512702623503239,0.0442793371398153,0.044150119451031,0.0204211328192846,4.96969643376768,0.826755706664036,0.507881278416498,0.0444859783162593,0.0426602266288101,0.0202024311915068,4.88918937579413,0.904585731073871,0.512880719343829,0.110801307406112,0.118229586257059,0.051371448870322,4.91178311958858,0.944114767565055,0.52988704974849,0.0498583741839139,0.0555703437491017,0.0235680139339827
38,1000,0.15,20,4.93077385887336,0.913827545927545,0.484967196642513,0.0455293826161281,0.0467817036482103,0.0192146266158678,4.9758413371557,0.8499327070306,0.471713227152244,0.0461495720007511,0.0462564614350542,0.0186179058832666,5.05636324960381,0.89453209711144,0.570577922694039,0.115611131033457,0.122736261740601,0.0610344477175244,4.99074294295748,0.943232184710001,0.486822305093969,0.0521287687250915,0.0595735120497662,0.0214554069872925
39,1000,0.15,20,4.98653302972078,0.909922799055644,0.505279688557111,0.0446020478688801,0.0450735593941335,0.0199832605318842,5.01499621718705,0.854677337212158,0.493415661682379,0.0451269082617873,0.0449309542511571,0.0194481188423034,4.85927142354632,0.901281494339848,0.564154255559525,0.102417282451274,0.102483726076902,0.0545407912503457,4.9634685790997,0.930370726665874,0.510539552467456,0.0501609970938524,0.0591465452686545,0.0223766803250628
40,1000,0.15,20,4.97718515190742,1.00997699136689,0.471866475905093,0.0461646388926711,0.0456687537761276,0.0188243092373185,5.00038124641102,0.924988900387457,0.461003915122581,0.0466971148433213,0.0446952102565378,0.0183299424682838,4.96109000195897,0.886156433472043,0.451973826515474,0.126269781997076,0.132920744100401,0.0480708607226527,4.96820378768385,1.03948441114161,0.483971530956432,0.0535265527267969,0.0657327144122485,0.0221990175099696
41,1000,0.15,20,4.95627645569043,0.978666740972706,0.486357394376551,0.0455144680891237,0.045984622960729,0.0191903690255212,4.97229670557678,0.938538412262558,0.482034054691408,0.045707177322108,0.0447531133516956,0.0189964454600873,5.10348795037215,0.806515543211068,0.461251632691811,0.131216777293785,0.13481368101729,0.049628840630321,4.95940845234194,1.02293945304436,0.494056762523951,0.0523970019020793,0.0606203856653557,0.0217018243193499
42,1000,0.15,20,4.96203595743389,1.03926698143876,0.511609529349624,0.0444218415202113,0.0430716381420849,0.0203971379294653,4.98787930145085,0.956447084741437,0.495756437507865,0.0450875252896856,0.0425407881274233,0.0196810959225089,5.10829436173319,0.867082991430947,0.479457098201128,0.114861672203285,0.1127586660655,0.0467838742219989,4.92567437345733,1.01769713310962,0.511147320209116,0.0506158711299465,0.0525307876388722,0.0226673486352071
43,1000,0.15,20,5.01158161056832,1.06598346497715,0.508810068376664,0.0444560005712517,0.0468114869363303,0.0201891077501951,5.06204186672532,1.01757099044345,0.493369486678632,0.0451415381874951,0.0457896433814402,0.0194886576747796,5.04330350785848,1.1877259488598,0.499926237006265,0.115557753928219,0.13081289413378,0.05194809722912,5.0055880060793,1.11759401708545,0.514087781038101,0.0515055279241962,0.0597837843816081,0.0227672269763272
44,1000,0.15,20,5.005351027149,0.988517426600335,0.486773151911602,0.0455586045670659,0.0465549578230305,0.0193617687322915,5.02063616346652,0.930940745307331,0.477324457330726,0.0459722730852557,0.0454473477231308,0.0189303083463907,5.02976066895045,0.824483283977385,0.610775762914471,0.109555276967834,0.105330510077392,0.0658412405841211,4.99463885655179,0.951457448106943,0.492015044482559,0.0521097317733212,0.0566577399329554,0.0219266156882254
45,1000,0.15,20,5.07008177833695,1.08115175175279,0.473966329813709,0.0460622581215998,0.0465079003194439,0.0187211915415783,5.10119884724196,1.01173410751265,0.460907380224197,0.0466955128226009,0.0453721503517577,0.0181333318356493,4.85914121328053,1.29362165626527,0.487072487950549,0.114980482759962,0.115528989459694,0.0490835353789263,5.05512651193327,1.17891169702248,0.480393551065506,0.0552784085529831,0.0641413954819765,0.0217838775445794
46,1000,0.15,20,5.07292170648287,1.05925998623818,0.514604890149139,0.0442303124477325,0.0440308583049731,0.0204638637908948,5.0906249655809,1.00677008896796,0.506107687171661,0.0445999367021808,0.0427191853043797,0.0200783183429022,4.95062213371572,0.984925841717066,0.539410636971073,0.113871152432761,0.10728951603359,0.0567825270571182,5.02410510872339,1.03121624566342,0.521871562983237,0.0519967517677349,0.0545142013516117,0.0231761468161525
47,1000,0.15,20,4.92804655018333,0.981997351243168,0.513525185597804,0.0442633247961853,0.0440455692972586,0.0203004205619706,4.96191936529741,0.912061652182232,0.50150789843015,0.0447770387892411,0.0432148399955361,0.0197597691120429,4.7760749742683,0.938116131139824,0.501652115915728,0.11341575456964,0.106808030750403,0.0507768931620831,4.91195730590436,0.979830610945858,0.514709152371781,0.0506595257889296,0.056907183405423,0.0226143757663074
48,1000,0.15,20,5.03074115716574,0.975263498537313,0.52240109839739,0.0438688681229516,0.0448575599649369,0.0207085175251452,5.05699635267772,0.906115381330386,0.506871967635006,0.0445317751859663,0.0441534322818462,0.02000664744795,4.88357708684721,1.12804120829005,0.541797194799583,0.114883890928053,0.119058311908248,0.058356725679706,5.02328642019398,0.98299712476994,0.525935013764791,0.0521702884640294,0.0594877463854552,0.0233594421657965
49,1000,0.15,20,4.96540300001079,1.00564500023016,0.507300156414806,0.044529623489617,0.0444274673978064,0.0202554794342034,4.98296672276659,0.966157568107508,0.4983688944387,0.0449218727919373,0.0437286253887439,0.0198451066105316,5.01848155583756,1.13499012387049,0.61962274829108,0.116648628991474,0.10673743830806,0.0736270798240609,4.96634886427816,1.01566438517098,0.51422644762416,0.0525140018126421,0.0572197727607183,0.0230886299380228
50,1000,0.15,20,4.93977986555425,0.969105717177596,0.482894569117217,0.045633706250777,0.0467519018804951,0.0191018215894832,4.97206204479363,0.9104663306591,0.469358449804279,0.0462724454265144,0.0462806198051368,0.0184866515141129,4.97412519478555,0.957323080406646,0.526550551119171,0.112497973017072,0.117372960069456,0.054270644715357,4.91720697714577,1.01808267277664,0.493023324225692,0.0540000864934997,0.0643600689933976,0.0222861081282901
